City_ID,City,Country,Date,Lat,Lng,Max Temp,Humidity,Cloudiness,Wind Speed
0,Culleredo,ES,2020-11-07 19:33:33,43.29,-8.39,59.0,87,20,5.82
1,Oranjemund,NA,2020-11-07 19:33:33,-28.55,16.43,63.28,85,33,3.13
2,Ponta Do Sol,PT,2020-11-07 19:33:33,32.67,-17.1,66.2,72,20,3.36
3,Pacocha,PE,2020-11-07 19:33:34,-17.58,-71.33,68.0,72,90,5.82
4,Lebu,CL,2020-11-07 19:33:17,-37.62,-73.65,56.68,61,0,22.19
5,Hermanus,ZA,2020-11-07 19:31:55,-34.42,19.23,60.01,82,0,13.0
6,Jamestown,US,2020-11-07 19:31:42,42.1,-79.24,69.01,39,1,6.93
7,Mahebourg,MU,2020-11-07 19:33:37,-20.41,57.7,73.4,78,20,8.05
8,Dolores,AR,2020-11-07 19:33:38,-36.31,-57.68,73.44,64,7,9.37
9,Pirgos,GR,2020-11-07 19:33:38,35.12,25.72,66.0,62,10,15.99
10,Ushuaia,AR,2020-11-07 19:33:39,-54.8,-68.3,60.8,41,75,18.34
11,Noyabrsk,RU,2020-11-07 19:33:39,63.2,75.45,33.73,98,100,12.62
12,Kalnibolotskaya,RU,2020-11-07 19:33:40,46.01,40.46,53.01,52,99,10.69
13,Arraial Do Cabo,BR,2020-11-07 19:33:30,-22.97,-42.03,75.2,69,75,9.17
14,Lagoa,PT,2020-11-07 19:32:03,39.05,-27.98,61.36,72,0,20.18
15,Alexandria,EG,2020-11-07 19:33:40,31.22,29.96,64.4,88,40,3.36
16,Warrington,GB,2020-11-07 19:30:01,53.39,-2.58,52.0,93,92,6.93
17,Camana,PE,2020-11-07 19:33:41,-16.62,-72.71,64.51,74,85,2.91
18,Ilulissat,GL,2020-11-07 19:30:51,69.22,-51.1,8.6,71,20,5.82
19,Salinopolis,BR,2020-11-07 19:33:42,-0.61,-47.36,83.97,72,22,16.58
20,La Rioja,ES,2020-11-07 19:33:42,42.25,-2.5,55.99,93,90,1.12
21,Paamiut,GL,2020-11-07 19:33:29,61.99,-49.67,28.98,90,100,16.78
22,Berlevag,NO,2020-11-07 19:33:43,70.86,29.09,38.82,75,84,26.93
23,Saldanha,ZA,2020-11-07 19:31:32,-33.01,17.94,62.6,82,0,12.75
24,Pasni,PK,2020-11-07 19:33:44,25.26,63.47,73.71,58,0,5.77
25,Vestmanna,FO,2020-11-07 19:28:26,62.16,-7.17,39.2,86,75,1.12
26,Mmathubudukwane,BW,2020-11-07 19:33:45,-24.6,26.43,80.6,42,0,1.12
27,Oyotun,PE,2020-11-07 19:33:45,-6.85,-79.3,73.4,53,0,17.22
28,Ibra,OM,2020-11-07 19:33:46,22.69,58.53,66.76,88,0,0.72
29,Dikson,RU,2020-11-07 19:31:23,73.51,80.55,-2.6,89,33,11.83
30,Mattru,SL,2020-11-07 19:33:46,7.62,-11.83,76.33,95,68,3.78
31,Torbay,CA,2020-11-07 19:30:22,47.67,-52.73,48.99,81,75,27.51
32,Rochegda,RU,2020-11-07 19:33:48,62.8,43.25,38.55,92,100,11.99
33,West Bay,KY,2020-11-07 19:29:24,19.37,-81.42,80.01,86,100,5.99
34,Bull Savanna,JM,2020-11-07 19:28:35,17.89,-77.59,76.37,89,100,14.25
35,Souillac,MU,2020-11-07 19:33:27,-20.52,57.52,73.4,78,20,8.05
36,Punta Arenas,CL,2020-11-07 19:31:37,-53.15,-70.92,59.0,54,40,26.4
37,Mpika,ZM,2020-11-07 19:33:50,-11.83,31.45,70.75,31,1,7.36
38,Cheremukhovo,RU,2020-11-07 19:33:51,60.35,59.99,29.03,97,35,3.65
39,Matara,LK,2020-11-07 19:29:14,5.95,80.54,77.88,86,0,5.61
40,Marienburg,PL,2020-11-07 19:28:39,54.04,19.03,46.0,100,0,7.54
41,El Tocuyo,VE,2020-11-07 19:33:26,9.79,-69.79,75.2,78,87,11.41
42,Maniitsoq,GL,2020-11-07 19:33:52,65.42,-52.9,21.76,87,100,14.65
43,Cape Town,ZA,2020-11-07 19:30:40,-33.93,18.42,64.99,82,75,13.87
44,Kucevo,RS,2020-11-07 19:33:52,44.48,21.67,45.0,92,100,3.78
45,Upernavik,GL,2020-11-07 19:32:42,72.79,-56.15,-1.55,76,0,7.99
46,Georgetown,MY,2020-11-07 19:31:39,5.41,100.34,78.8,88,40,3.36
47,Port Alfred,ZA,2020-11-07 19:33:53,-33.59,26.89,68.54,89,0,2.95
48,Codrington,AU,2020-11-07 19:33:54,-38.27,141.97,41.68,92,6,6.06
49,Shar,KZ,2020-11-07 19:33:55,49.59,81.05,39.96,66,0,16.67
50,Saint-Augustin,CA,2020-11-07 19:27:49,51.23,-58.65,34.34,80,0,19.17
51,Hofn,IS,2020-11-07 19:33:57,64.25,-15.21,41.32,83,99,12.03
52,Vestmannaeyjar,IS,2020-11-07 19:33:57,63.44,-20.27,44.6,87,75,21.92
53,Manassas Park,US,2020-11-07 19:33:58,38.78,-77.47,75.2,36,1,2.13
54,Rosario,AR,2020-11-07 19:33:58,-32.95,-60.64,88.0,33,0,12.75
55,Rawah,IQ,2020-11-07 19:33:59,34.48,41.91,65.97,51,4,7.36
56,Escanaba,US,2020-11-07 19:33:59,45.75,-87.06,64.99,72,1,16.11
57,Laguna,US,2020-11-07 19:31:04,38.42,-121.42,61.0,47,1,4.61
58,Comodoro Rivadavia,AR,2020-11-07 19:33:59,-45.87,-67.5,66.2,48,0,14.99
59,Eyl,SO,2020-11-07 19:33:59,7.98,49.82,78.39,79,60,14.14
60,Tabou,CI,2020-11-07 19:33:59,4.42,-7.35,79.03,85,85,5.48
61,Port Elizabeth,ZA,2020-11-07 19:29:32,-33.92,25.57,62.6,93,0,5.82
62,Sao Jose Da Coroa Grande,BR,2020-11-07 19:29:01,-8.9,-35.15,80.56,77,23,13.94
63,Rocha,UY,2020-11-07 19:30:26,-34.48,-54.33,68.54,71,36,10.45
64,Husavik,IS,2020-11-07 19:29:22,66.04,-17.34,44.6,56,75,21.92
65,Grindavik,IS,2020-11-07 19:34:00,63.84,-22.43,42.8,75,75,23.04
66,Ouadda,CF,2020-11-07 19:28:01,8.08,22.4,72.07,60,10,1.48
67,Goderich,CA,2020-11-07 19:34:00,43.75,-81.72,64.4,48,100,16.11
68,Busselton,AU,2020-11-07 19:31:41,-33.65,115.33,55.0,66,47,2.75
69,Henties Bay,NA,2020-11-07 19:34:01,-22.12,14.28,61.0,90,0,3.0
70,Inhambane,MZ,2020-11-07 19:34:01,-23.86,35.38,80.01,88,0,13.87
71,Zhirnovsk,RU,2020-11-07 19:34:01,50.98,44.77,38.26,88,53,11.39
72,Reconquista,AR,2020-11-07 19:29:31,-29.15,-59.65,87.73,32,0,8.3
73,Arsikere,IN,2020-11-07 19:34:02,13.31,76.26,67.42,96,17,5.06
74,Castelo Do Piaui,BR,2020-11-07 19:34:02,-5.32,-41.55,91.69,39,85,3.36
75,Klaksvik,FO,2020-11-07 19:34:02,62.23,-6.59,39.2,86,78,1.12
76,Maragogi,BR,2020-11-07 19:34:03,-9.01,-35.22,78.67,81,26,12.71
77,Raudeberg,NO,2020-11-07 19:29:08,61.99,5.14,44.01,96,92,0.29
78,Nara,JP,2020-11-07 19:34:03,34.69,135.8,62.01,98,98,3.67
79,Dwarka,IN,2020-11-07 19:34:04,22.24,68.97,80.56,52,0,10.16
80,Wattegama,LK,2020-11-07 19:34:04,6.8,81.48,77.0,100,5,3.36
81,Sao Joao Da Barra,BR,2020-11-07 19:34:04,-21.64,-41.05,77.0,65,75,9.17
82,Tabuk,PH,2020-11-07 19:34:05,17.42,121.44,71.89,92,100,6.06
83,Sarankhola,BD,2020-11-07 19:28:16,22.31,89.79,64.85,74,0,4.72
84,Barcelos,PT,2020-11-07 19:31:04,41.54,-8.62,60.8,87,75,19.46
85,Maltahohe,NA,2020-11-07 19:34:05,-24.83,16.98,64.38,35,0,16.42
86,Nuuk,GL,2020-11-07 19:33:49,64.18,-51.72,23.0,92,90,4.7
87,Vardo,NO,2020-11-07 19:34:05,70.37,31.11,39.45,75,99,35.79
88,Conceicao Do Mato Dentro,BR,2020-11-07 19:34:06,-19.04,-43.42,78.03,69,2,5.64
89,Belokurikha,RU,2020-11-07 19:34:06,52.0,84.99,42.39,66,1,6.85
90,Necochea,AR,2020-11-07 19:28:54,-38.55,-58.74,64.0,76,1,5.99
91,Saint-Pierre,RE,2020-11-07 19:34:06,-21.34,55.48,73.4,78,0,9.17
92,Los Llanos De Aridane,ES,2020-11-07 19:31:44,28.66,-17.92,69.8,64,20,4.83
93,Gerardmer,FR,2020-11-07 19:34:07,48.07,6.88,51.8,93,90,3.36
94,Clyde River,CA,2020-11-07 19:34:07,70.47,-68.59,-5.8,83,20,4.7
95,Saint-Philippe,RE,2020-11-07 19:34:07,-21.36,55.77,73.4,78,0,9.17
96,Mahibadhoo,MV,2020-11-07 19:34:07,3.78,72.97,83.68,76,99,10.76
97,Qaanaaq,GL,2020-11-07 19:34:08,77.48,-69.36,-12.95,71,0,7.56
98,General Pico,AR,2020-11-07 19:34:08,-35.66,-63.76,83.3,35,79,11.12
99,Cidreira,BR,2020-11-07 19:29:16,-30.18,-50.21,70.56,74,0,15.08
100,Iqaluit,CA,2020-11-07 19:31:57,63.75,-68.51,10.4,72,90,9.17
101,Kavaratti,IN,2020-11-07 19:34:09,10.57,72.64,83.07,74,0,7.27
102,Hithadhoo,MV,2020-11-07 19:34:09,-0.6,73.08,83.1,73,84,8.66
103,Nador,MA,2020-11-07 19:34:09,35.17,-2.93,64.4,72,0,4.56
104,Hambantota,LK,2020-11-07 19:34:09,6.12,81.12,77.0,100,5,3.36
105,Salalah,OM,2020-11-07 19:34:10,17.02,54.09,77.0,61,0,2.24
106,Shache,CN,2020-11-07 19:29:18,38.42,77.24,34.18,80,0,3.56
107,Purpe,RU,2020-11-07 19:34:10,64.48,76.69,32.0,94,100,4.52
108,Morozovsk,RU,2020-11-07 19:34:10,48.35,41.83,45.36,82,4,9.95
109,Belmonte,BR,2020-11-07 19:28:27,-15.86,-38.88,78.8,83,40,9.17
110,Bredasdorp,ZA,2020-11-07 19:31:38,-34.53,20.04,60.8,72,0,9.17
111,Odienne,CI,2020-11-07 19:34:11,9.51,-7.57,77.67,40,0,1.48
112,Lichinga,MZ,2020-11-07 19:34:11,-13.31,35.24,73.4,49,0,9.17
113,Shatrovo,RU,2020-11-07 19:34:11,56.52,64.63,33.96,96,100,2.68
114,Temirtau,KZ,2020-11-07 19:34:11,50.05,72.95,42.8,38,0,24.61
115,Bandarbeyla,SO,2020-11-07 19:28:12,9.49,50.81,76.75,85,42,15.01
116,Leczyca,PL,2020-11-07 19:34:12,52.06,19.2,45.0,99,11,1.99
117,Maceio,BR,2020-11-07 19:33:22,-9.67,-35.74,80.6,78,75,18.34
118,Axim,GH,2020-11-07 19:34:12,4.87,-2.24,78.71,86,58,7.36
119,Siteki,SZ,2020-11-07 19:34:13,-26.45,31.95,69.58,95,0,2.04
120,San Andres,CO,2020-11-07 19:33:21,12.58,-81.7,84.2,79,75,6.93
121,Kuopio,FI,2020-11-07 19:34:13,62.89,27.68,46.4,66,20,19.46
122,Camacha,PT,2020-11-07 19:34:13,33.08,-16.33,66.2,82,40,4.7
123,Carutapera,BR,2020-11-07 19:34:13,-1.2,-46.02,84.97,66,7,11.92
124,Mehamn,NO,2020-11-07 19:34:14,71.04,27.85,37.78,78,70,23.31
125,Zaltan,LY,2020-11-07 19:34:14,32.95,11.87,68.95,61,0,5.75
126,Narsaq,GL,2020-11-07 19:34:14,60.92,-46.05,30.2,74,75,3.36
127,Kutum,SD,2020-11-07 19:28:16,14.2,24.67,70.54,24,1,12.71
128,Burgos,ES,2020-11-07 19:31:09,42.34,-3.71,52.0,93,40,10.29
129,Ancud,CL,2020-11-07 19:28:22,-41.87,-73.82,64.4,55,0,9.17
130,Zimovniki,RU,2020-11-07 19:34:15,47.15,42.46,47.93,76,88,11.43
131,Kano,NG,2020-11-07 19:34:15,12.0,8.52,62.6,88,46,3.36
132,Bonfim,BR,2020-11-07 19:34:15,3.08,-59.95,84.33,70,100,8.86
133,Kokkola,FI,2020-11-07 19:34:15,63.84,23.13,43.0,56,0,9.17
134,Caravelas,BR,2020-11-07 19:32:17,-17.71,-39.25,79.16,76,0,7.2
135,Nanortalik,GL,2020-11-07 19:34:16,60.14,-45.24,32.43,90,100,7.02
136,Novaya Zaimka,RU,2020-11-07 19:34:16,56.49,66.92,35.65,96,100,4.92
137,Shelburne,CA,2020-11-07 19:28:21,44.08,-80.2,70.0,35,100,13.91
138,East London,ZA,2020-11-07 19:34:16,-33.02,27.91,71.6,83,0,9.17
139,Gornopravdinsk,RU,2020-11-07 19:34:16,60.05,69.9,35.46,96,100,6.33
140,Sawakin,SD,2020-11-07 19:34:16,19.11,37.33,82.99,70,27,5.88
141,Bud,US,2020-11-07 19:34:17,39.45,-86.18,72.0,35,1,3.36
142,Muros,ES,2020-11-07 19:34:17,42.78,-9.06,61.0,90,24,11.99
143,Vila Velha,BR,2020-11-07 19:33:58,-20.33,-40.29,79.0,78,75,10.29
144,Juterbog,DE,2020-11-07 19:34:17,51.98,13.08,39.99,100,0,3.36
145,Mar Del Plata,AR,2020-11-07 19:34:17,-38.0,-57.56,66.2,88,40,5.82
146,Saint-Georges,GD,2020-11-07 19:30:25,12.06,-61.75,84.2,79,40,20.8
147,Bardiyah,LY,2020-11-07 19:34:19,31.76,25.09,69.19,74,100,20.13
148,Ribeira Grande,PT,2020-11-07 19:33:55,38.52,-28.7,60.8,72,20,9.17
149,Sorgun,TR,2020-11-07 19:34:20,39.81,35.19,40.82,70,0,6.82
150,Victoria,HK,2020-11-07 19:30:05,22.29,114.16,78.01,58,0,1.01
151,Ilam,NP,2020-11-07 19:34:20,26.92,87.92,54.03,63,0,5.46
152,Sangin,AF,2020-11-07 19:34:20,32.07,64.84,55.35,35,0,4.41
153,Colesberg,ZA,2020-11-07 19:34:20,-30.72,25.1,69.48,28,0,14.12
154,Maldonado,UY,2020-11-07 19:31:26,-34.67,-54.92,73.4,64,20,10.29
155,Scottsboro,US,2020-11-07 19:34:21,34.67,-86.03,71.01,100,90,7.47
156,Tasiilaq,GL,2020-11-07 19:34:21,65.61,-37.64,28.4,86,75,6.93
157,Camocim,BR,2020-11-07 19:34:21,-2.9,-40.84,85.71,60,78,20.09
158,Pangnirtung,CA,2020-11-07 19:34:21,66.15,-65.71,10.4,92,90,11.41
159,Pervomayskoye,RU,2020-11-07 19:34:21,43.92,46.71,48.78,67,100,22.55
160,Yarmouth,US,2020-11-07 19:31:43,41.71,-70.23,71.6,49,1,9.17
161,Moche,PE,2020-11-07 19:34:22,-8.17,-79.01,68.0,72,51,9.17
162,Beloha,MG,2020-11-07 19:34:22,-25.17,45.05,71.73,72,0,2.37
163,La Palma,US,2020-11-07 19:33:07,33.85,-118.05,61.0,62,75,12.75
164,Barreiras,BR,2020-11-07 19:34:22,-12.15,-44.99,79.9,78,99,3.49
165,Sheltozero,RU,2020-11-07 19:34:22,61.37,35.37,46.27,79,82,17.49
166,Cockburn Town,TC,2020-11-07 19:34:22,21.46,-71.14,78.8,78,90,11.41
167,Lerwick,GB,2020-11-07 19:34:23,60.15,-1.15,42.8,100,100,1.12
168,Benguela,AO,2020-11-07 19:29:24,-12.58,13.41,77.07,72,68,4.97
169,Sanchez,DO,2020-11-07 19:28:34,19.23,-69.61,87.8,83,40,4.7
170,Holme,DK,2020-11-07 19:33:03,56.11,10.17,42.8,87,0,4.7
171,Bambous Virieux,MU,2020-11-07 19:34:23,-20.34,57.76,73.4,78,20,8.05
172,Washington,US,2020-11-07 19:34:23,47.5,-120.5,46.0,56,0,3.11
173,Mwinilunga,ZM,2020-11-07 19:34:24,-11.74,24.43,69.73,59,1,3.4
174,Usinsk,RU,2020-11-07 19:34:24,65.99,57.53,30.0,99,100,11.61
175,Igrim,RU,2020-11-07 19:34:24,63.19,64.42,32.76,97,100,4.74
176,Havoysund,NO,2020-11-07 19:34:24,71.0,24.66,35.6,80,100,43.62
177,Nurota,UZ,2020-11-07 19:34:24,40.56,65.69,66.2,16,75,13.87
178,Lodja,CD,2020-11-07 19:34:24,-3.48,23.43,70.57,87,62,1.39
179,Talnakh,RU,2020-11-07 19:34:25,69.49,88.4,17.6,85,75,15.66
180,Ordynskoye,RU,2020-11-07 19:34:25,54.37,81.9,38.59,73,42,12.39
181,Vengerovo,RU,2020-11-07 19:34:25,55.68,76.75,37.87,74,96,11.32
182,Andra,RU,2020-11-07 19:34:25,62.51,65.89,33.39,97,100,5.75
183,Jizan,SA,2020-11-07 19:34:26,17.33,42.67,86.0,62,0,4.7
184,Puntarenas,CR,2020-11-07 19:34:26,9.98,-84.84,77.0,73,40,10.29
185,Saint George,US,2020-11-07 19:32:14,37.1,-113.58,57.99,30,75,20.8
186,Sinnamary,GF,2020-11-07 19:28:47,5.38,-52.95,84.18,74,24,14.88
187,Mangrol,IN,2020-11-07 19:28:48,21.12,70.12,79.93,54,0,2.44
188,Mango,US,2020-11-07 19:34:26,27.98,-82.31,84.2,54,75,11.41
189,Rajpur,IN,2020-11-07 19:34:26,22.3,74.35,68.31,35,0,5.57
190,Castro,BR,2020-11-07 19:34:27,-24.79,-50.01,77.79,42,0,4.65
191,Kislyakovskaya,RU,2020-11-07 19:34:27,46.44,39.67,45.86,81,79,11.18
192,Witu,KE,2020-11-07 19:34:27,-2.39,40.44,80.6,83,90,8.05
193,Havre-Saint-Pierre,CA,2020-11-07 19:28:21,50.23,-63.6,35.6,47,1,10.29
194,Zavallya,UA,2020-11-07 19:34:28,48.21,30.02,46.02,90,14,4.7
195,Mortka,RU,2020-11-07 19:34:28,59.33,66.02,34.72,97,100,3.33
196,Andenes,NO,2020-11-07 19:29:30,69.31,16.12,39.2,60,100,33.33
197,Kalmunai,LK,2020-11-07 19:34:28,7.42,81.82,79.07,83,24,2.66
198,Atbasar,KZ,2020-11-07 19:27:55,51.8,68.33,44.19,58,100,11.36
199,Margate,GB,2020-11-07 19:28:01,51.38,1.39,54.0,90,22,9.71
200,Robertsport,LR,2020-11-07 19:34:28,6.75,-11.37,80.91,83,13,8.25
201,Junin,AR,2020-11-07 19:32:03,-34.58,-60.94,84.99,15,5,1.01
202,Sisimiut,GL,2020-11-07 19:34:29,66.94,-53.67,16.09,86,99,15.39
203,Sorland,NO,2020-11-07 19:34:29,67.67,12.69,35.6,71,75,14.99
204,Kruisfontein,ZA,2020-11-07 19:34:30,-34.0,24.73,62.01,76,0,1.01
205,Manoel Urbano,BR,2020-11-07 19:34:30,-8.84,-69.26,98.31,31,64,4.29
206,Marsa Matruh,EG,2020-11-07 19:34:30,31.35,27.25,64.4,82,94,13.89
207,Sovetskiy,RU,2020-11-07 19:34:30,61.36,63.58,30.94,99,70,4.14
208,Osorio,BR,2020-11-07 19:34:30,-29.89,-50.27,82.0,53,6,5.99
209,Safaga,EG,2020-11-07 19:34:30,26.73,33.94,75.2,47,0,4.7
210,Tarko-Sale,RU,2020-11-07 19:34:31,64.92,77.78,32.0,94,100,3.47
211,Vila Do Maio,CV,2020-11-07 19:34:31,15.13,-23.22,80.6,69,0,12.75
212,Micheweni,TZ,2020-11-07 19:34:31,-4.97,39.83,79.2,81,95,10.18
213,Clonakilty,IE,2020-11-07 19:34:31,51.62,-8.87,54.0,93,90,11.41
214,Florianopolis,BR,2020-11-07 19:33:11,-27.61,-48.5,78.01,57,20,13.87
215,Zhezkazgan,KZ,2020-11-07 19:34:32,47.8,67.71,51.17,37,85,15.73
216,Sakit,IN,2020-11-07 19:34:32,27.45,78.82,67.46,24,0,1.86
217,Kemerovo,RU,2020-11-07 19:32:35,55.33,86.08,35.6,74,0,8.95
218,Thinadhoo,MV,2020-11-07 19:34:32,0.53,72.93,84.13,70,91,7.14
219,Navalmoral De La Mata,ES,2020-11-07 19:34:32,39.89,-5.54,52.0,91,1,1.01
220,Miandrivazo,MG,2020-11-07 19:34:32,-19.52,45.47,84.96,53,60,5.35
221,Kudahuvadhoo,MV,2020-11-07 19:34:33,2.67,72.89,83.84,68,71,7.07
222,Sokoni,TZ,2020-11-07 19:34:33,-6.43,39.55,78.8,88,40,5.82
223,Ilebo,CD,2020-11-07 19:29:11,-4.32,20.58,71.01,94,98,1.23
224,Havelock,US,2020-11-07 19:30:00,34.88,-76.9,77.0,64,1,13.87
225,Miracema Do Tocantins,BR,2020-11-07 19:34:33,-9.56,-48.4,84.96,66,99,3.91
226,General Roca,AR,2020-11-07 19:28:58,-39.03,-67.58,86.0,30,0,11.41
227,Malinyi,TZ,2020-11-07 19:34:34,-8.93,36.13,80.08,57,0,4.36
228,Cabinda,AO,2020-11-07 19:28:58,-5.55,12.2,77.76,85,14,7.94
229,Kanker,IN,2020-11-07 19:34:34,20.27,81.49,60.26,61,0,2.77
230,Prado,BR,2020-11-07 19:34:34,-17.34,-39.22,78.48,81,2,7.58
231,Marawi,PH,2020-11-07 19:34:35,8.0,124.29,73.99,93,100,5.01
232,Uitenhage,ZA,2020-11-07 19:34:35,-33.76,25.4,62.6,93,0,5.82
233,Menongue,AO,2020-11-07 19:34:35,-14.66,17.69,70.52,63,94,5.48
234,Kadoma,JP,2020-11-07 19:34:35,34.73,135.58,62.01,98,100,4.21
235,Virginia Beach,US,2020-11-07 19:28:16,36.85,-75.98,73.99,56,20,8.05
236,Akcakoca,TR,2020-11-07 19:34:35,41.09,31.12,53.64,69,0,4.38
237,Olafsvik,IS,2020-11-07 19:34:36,64.89,-23.71,40.95,69,92,27.58
238,Quelimane,MZ,2020-11-07 19:29:58,-17.88,36.89,80.6,78,0,14.99
239,Rundu,NA,2020-11-07 19:28:12,-17.93,19.77,85.17,26,0,6.2
240,Harbour Breton,CA,2020-11-07 19:34:36,47.48,-55.8,48.0,100,58,10.0
241,Santa Fe,AR,2020-11-07 19:25:34,-31.63,-60.7,91.99,24,5,4.0
242,Quthing,LS,2020-11-07 19:34:36,-30.4,27.7,65.88,35,0,6.06
243,Cururupu,BR,2020-11-07 19:33:43,-1.83,-44.87,84.87,64,95,7.29
244,Romitan,UZ,2020-11-07 19:34:37,39.93,64.38,60.8,25,100,6.93
245,Taveta,KE,2020-11-07 19:34:37,-3.4,37.67,78.8,50,20,16.11
246,La Macarena,CO,2020-11-07 19:34:37,2.18,-73.78,88.54,60,41,3.58
247,Tatui,BR,2020-11-07 19:34:37,-23.36,-47.86,86.0,28,0,1.99
248,Obsharovka,RU,2020-11-07 19:34:37,53.12,48.85,35.62,86,31,8.32
249,San Juan,AR,2020-11-07 19:28:03,-31.54,-68.54,89.38,19,6,7.78
250,Hamilton,US,2020-11-07 19:34:38,39.18,-84.53,73.99,35,1,5.82
251,Chapais,CA,2020-11-07 19:34:38,49.78,-74.85,32.0,97,90,8.05
252,Panguipulli,CL,2020-11-07 19:34:38,-39.63,-72.33,71.6,40,0,8.05
253,Amapa,BR,2020-11-07 19:29:27,1.0,-52.0,82.9,80,100,3.4
254,Marica,BR,2020-11-07 19:31:29,-22.92,-42.82,75.2,73,75,13.87
255,Mayumba,GA,2020-11-07 19:34:39,-3.43,10.66,78.03,90,95,7.87
256,Sayyan,YE,2020-11-07 19:34:39,15.17,44.32,53.58,39,6,3.15
257,Tame,CO,2020-11-07 19:34:39,6.46,-71.73,83.1,73,24,5.06
258,Phalaborwa,ZA,2020-11-07 19:34:39,-23.94,31.14,89.6,52,1,3.36
259,Manadhoo,MV,2020-11-07 19:28:46,5.77,73.38,83.55,75,100,11.43
260,Trabzon,TR,2020-11-07 19:34:40,40.92,39.83,57.2,76,75,4.7
261,Adrar,MR,2020-11-07 19:34:40,20.5,-10.07,87.01,17,97,10.38
262,Marsabit,KE,2020-11-07 19:34:40,2.33,37.99,67.41,85,52,11.9
263,Pitimbu,BR,2020-11-07 19:34:40,-7.47,-34.81,82.4,74,40,18.34
264,Bilma,NE,2020-11-07 19:34:40,18.69,12.92,72.55,26,0,10.02
265,Almenara,BR,2020-11-07 19:34:40,-16.18,-40.69,81.59,68,95,3.83
266,Itapemirim,BR,2020-11-07 19:34:41,-21.01,-40.83,73.89,84,93,8.03
267,Gaya,IN,2020-11-07 19:34:13,24.78,85.0,60.8,87,0,5.21
268,Filadelfia,US,2020-11-07 19:23:59,39.95,-75.16,75.99,31,20,11.41
269,Mbanza-Ngungu,CD,2020-11-07 19:34:41,-5.25,14.87,70.97,97,98,3.87
270,Marzuq,YE,2020-11-07 19:34:41,14.4,46.47,65.14,56,12,3.51
271,Pisco,PE,2020-11-07 19:34:42,-13.7,-76.22,66.2,77,90,6.93
272,Birao,CF,2020-11-07 19:29:18,10.28,22.79,79.09,31,100,3.31
273,Almeirim,BR,2020-11-07 19:34:42,-1.52,-52.58,89.82,53,34,1.72
274,Banda Aceh,ID,2020-11-07 19:30:53,5.56,95.32,78.67,79,99,0.96
275,Storslett,NO,2020-11-07 19:34:42,69.77,21.02,33.58,91,100,31.16
276,Lakselv,NO,2020-11-07 19:34:43,70.05,24.97,35.6,80,100,71.36
277,Hobyo,SO,2020-11-07 19:34:43,5.35,48.53,79.7,77,31,10.69
278,Lima,PE,2020-11-07 19:25:56,-12.04,-77.03,68.0,68,90,13.87
279,Awbari,LY,2020-11-07 19:34:43,26.59,12.78,60.55,43,0,5.28
280,Tulum,MX,2020-11-07 19:34:43,20.22,-87.47,84.99,79,75,6.93
281,Alakurtti,RU,2020-11-07 19:34:44,66.97,30.35,34.0,78,34,8.01
282,Turukhansk,RU,2020-11-07 19:34:44,65.82,87.98,18.1,97,100,18.88
283,Karaton,ID,2020-11-07 19:34:44,-6.34,106.1,79.0,88,20,2.24
284,Bonthe,SL,2020-11-07 19:28:31,7.53,-12.51,80.35,82,100,5.53
285,Isiro,CD,2020-11-07 19:34:44,2.77,27.62,69.31,98,99,2.19
286,Chuy,UY,2020-11-07 19:34:33,-33.7,-53.46,67.48,73,19,11.45
287,Cabuyaro,CO,2020-11-07 19:34:45,4.28,-72.79,85.64,69,32,2.57
288,Cravo Norte,CO,2020-11-07 19:34:45,6.3,-70.2,88.86,59,85,5.48
289,Faya,SA,2020-11-07 19:32:44,18.39,42.45,62.6,77,0,2.19
290,Bengkulu,ID,2020-11-07 19:32:10,-3.8,102.27,76.14,86,100,4.12
291,Tessalit,ML,2020-11-07 19:33:35,20.2,1.01,77.22,18,100,11.92
292,Mecca,SA,2020-11-07 19:27:22,21.43,39.83,77.97,64,17,3.24
293,Bergen,NO,2020-11-07 19:34:46,60.39,5.33,48.0,100,75,8.05
294,Upata,VE,2020-11-07 19:34:46,8.01,-62.4,90.0,63,75,1.01
295,Kihurio,TZ,2020-11-07 19:34:46,-4.47,38.07,73.65,76,31,2.44
296,Praia,CV,2020-11-07 19:34:46,14.92,-23.51,80.6,69,0,12.75
297,Alta Floresta,BR,2020-11-07 19:32:52,-9.88,-56.09,91.4,52,40,4.7
298,Prieska,ZA,2020-11-07 19:28:53,-29.66,22.75,75.61,26,0,9.86
299,Gari,RU,2020-11-07 19:23:56,59.43,62.35,34.09,94,80,4.36
300,Likasi,CD,2020-11-07 19:34:47,-10.98,26.73,72.25,44,0,3.22
301,Xai-Xai,MZ,2020-11-07 19:34:48,-25.05,33.64,89.44,39,0,14.43
302,Viedma,AR,2020-11-07 19:34:48,-40.81,-63.0,75.99,39,52,4.0
303,Cartagena Del Chaira,CO,2020-11-07 19:34:48,1.33,-74.84,90.37,52,93,6.33
304,Porkhov,RU,2020-11-07 19:34:48,57.77,29.56,50.0,76,100,6.71
305,Hirtshals,DK,2020-11-07 19:34:49,57.59,9.96,46.0,89,3,1.99
306,Umm Kaddadah,SD,2020-11-07 19:33:22,13.6,26.69,76.96,23,0,13.38
307,Gazojak,TM,2020-11-07 19:28:52,41.19,61.4,55.26,64,100,12.93
308,Skala Fourkas,GR,2020-11-07 19:34:49,40.0,23.38,55.99,68,63,5.84
309,Yarada,IN,2020-11-07 19:34:49,17.65,83.27,80.6,78,40,2.24
310,Korla,CN,2020-11-07 19:32:34,41.76,86.15,36.18,69,0,2.89
311,Luderitz,NA,2020-11-07 19:31:48,-26.65,15.16,63.1,85,0,5.64
312,Sabzevar,IR,2020-11-07 19:34:50,36.21,57.68,52.97,34,100,1.66
313,Tabas,IR,2020-11-07 19:33:20,33.6,56.92,64.4,13,100,6.93
314,Coquimbo,CL,2020-11-07 19:32:07,-29.95,-71.34,62.6,67,0,12.75
315,Lethem,GY,2020-11-07 19:34:51,3.38,-59.8,88.09,60,100,6.82
316,Narok,KE,2020-11-07 19:34:51,-1.08,35.86,62.82,69,61,11.12
317,Naryan-Mar,RU,2020-11-07 19:34:12,67.67,53.09,30.4,99,100,4.27
318,Chake Chake,TZ,2020-11-07 19:34:51,-5.25,39.77,78.04,86,98,6.89
319,Bereznik,RU,2020-11-07 19:34:51,62.86,42.71,41.4,88,100,11.99
320,Timiryazevskiy,RU,2020-11-07 19:34:51,56.49,84.88,41.0,75,96,11.56
321,Cozumel,MX,2020-11-07 19:34:52,20.51,-86.95,84.99,79,75,6.93
322,Mahon,ES,2020-11-07 19:29:19,39.89,4.27,66.2,93,66,4.7
323,Huarmey,PE,2020-11-07 19:34:52,-10.07,-78.15,67.35,68,4,11.39
324,San Antonio,US,2020-11-07 19:30:21,29.42,-98.49,79.0,53,20,9.17
325,Santa Lucia,ES,2020-11-07 19:34:52,27.91,-15.54,71.6,73,75,2.24
326,Puerto Ayacucho,VE,2020-11-07 19:34:53,5.66,-67.62,89.02,66,58,0.31
327,Svetlopolyansk,RU,2020-11-07 19:34:53,59.42,52.36,33.06,94,100,7.18
328,Arzgir,RU,2020-11-07 19:34:53,45.37,44.22,48.78,72,91,20.56
329,Beyneu,KZ,2020-11-07 19:28:17,45.32,55.2,42.49,72,7,12.39
330,Zaraza,VE,2020-11-07 19:34:54,9.35,-65.32,87.64,70,37,2.55
331,Radstadt,AT,2020-11-07 19:34:54,47.38,13.45,39.99,100,90,2.24
332,Sabla,NG,2020-11-07 19:34:54,12.75,4.71,80.02,17,0,8.46
333,Kemise,ET,2020-11-07 19:34:54,10.72,39.87,65.59,60,74,1.19
334,Nea Kallikratia,GR,2020-11-07 19:34:54,40.32,23.07,55.99,68,42,1.41
335,Adamas,GR,2020-11-07 19:34:54,36.73,24.43,64.4,68,0,26.4
336,Mumford,GH,2020-11-07 19:34:55,5.26,-0.76,79.77,86,100,10.94
337,Ostrovnoy,RU,2020-11-07 19:31:57,68.05,39.51,35.92,87,100,15.99
338,Sao Gabriel Da Cachoeira,BR,2020-11-07 19:34:10,-0.13,-67.09,87.8,74,40,6.93
339,Szczytno,PL,2020-11-07 19:34:55,53.56,20.99,44.6,100,90,10.29
340,Ponta Delgada,PT,2020-11-07 19:34:55,37.73,-25.67,60.8,63,20,10.29
341,Randolph,US,2020-11-07 19:34:55,35.7,-79.82,73.99,56,40,4.7
342,Maarianhamina,AX,2020-11-07 19:34:56,60.1,19.93,50.0,87,75,5.82
343,Sao Filipe,CV,2020-11-07 19:34:56,14.9,-24.5,79.2,78,33,13.76
344,Ayagoz,KZ,2020-11-07 19:34:24,47.97,80.44,33.28,84,0,2.98
345,Le Port,RE,2020-11-07 19:34:56,-20.94,55.29,73.4,73,90,11.41
346,Harper,LR,2020-11-07 19:34:56,4.38,-7.72,79.72,84,97,5.5
347,Malakal,SS,2020-11-07 19:28:54,9.53,31.66,79.84,28,83,2.84
348,Masallatah,LY,2020-11-07 19:34:56,32.62,14.0,65.14,71,0,7.29
349,Ibate,BR,2020-11-07 19:34:12,-21.95,-48.0,95.0,21,0,9.17
350,Crotone,IT,2020-11-07 19:34:57,39.09,17.12,57.2,82,0,4.7
351,Yining,CN,2020-11-07 19:28:09,29.04,114.56,53.44,66,0,1.03
352,Chuhar Kana,PK,2020-11-07 19:34:57,31.75,73.8,64.4,68,0,2.44
353,Uruzgan,AF,2020-11-07 19:34:57,32.83,66.0,40.42,66,0,3.09
354,Bracebridge,CA,2020-11-07 19:34:57,45.03,-79.32,68.0,52,1,9.17
355,Villagomez,CO,2020-11-07 19:34:58,5.27,-74.2,60.8,72,40,18.34
356,Rajura,IN,2020-11-07 19:34:58,19.78,79.37,61.16,59,0,1.77
357,Racasdia,RO,2020-11-07 19:34:58,44.99,21.62,42.01,100,76,3.36
358,Grootfontein,NA,2020-11-07 19:34:58,-19.57,18.12,80.98,16,0,3.6
359,La Tuque,CA,2020-11-07 19:34:58,47.43,-72.78,51.8,71,100,4.7
360,Tripoli,LY,2020-11-07 19:34:58,32.88,13.19,69.55,67,29,8.52
361,Baldeo,IN,2020-11-07 19:34:59,27.42,77.82,67.14,24,0,2.73
362,Manavalakurichi,IN,2020-11-07 19:28:49,8.13,77.3,84.2,79,40,5.06
363,Reshetylivka,UA,2020-11-07 19:34:59,49.56,34.08,49.17,79,100,5.97
364,Guia De Isora,ES,2020-11-07 19:34:59,28.21,-16.78,71.6,60,20,9.17
365,Gat,IL,2020-11-07 19:30:20,31.61,34.76,68.0,73,65,5.48
366,Morris,US,2020-11-07 19:34:59,40.83,-74.53,77.0,36,5,9.17
367,Bonavista,CA,2020-11-07 19:27:58,48.65,-53.11,48.99,81,100,16.11
368,Ruwi,OM,2020-11-07 19:35:00,23.6,58.55,80.6,69,75,9.17
369,Sarai,RU,2020-11-07 19:35:00,53.75,41.02,38.66,89,0,8.16
370,Jalu,LY,2020-11-07 19:29:16,29.03,21.55,66.69,54,0,14.16
371,Grand Gaube,MU,2020-11-07 19:33:02,-20.01,57.66,71.01,75,14,3.0
372,Americus,US,2020-11-07 19:35:01,32.07,-84.23,75.2,78,90,6.93
373,Baijiantan,CN,2020-11-07 19:35:01,45.63,85.18,34.12,78,0,0.51
374,Merrill,US,2020-11-07 19:35:01,45.18,-89.68,70.0,56,1,16.11
375,Rapar,IN,2020-11-07 19:35:01,23.57,70.63,78.42,32,0,5.01
376,Mutis,CO,2020-11-07 19:35:01,6.23,-77.4,78.28,73,93,7.81
377,Thompson,CA,2020-11-07 19:33:43,55.74,-97.86,19.4,85,90,3.4
378,Santa Ana,US,2020-11-07 19:30:05,33.75,-117.87,61.0,55,40,6.93
379,Moose Factory,CA,2020-11-07 19:26:00,51.26,-80.61,32.0,90,40,14.99
380,Puerto Baquerizo Moreno,EC,2020-11-07 19:35:02,-0.9,-89.6,75.2,60,20,13.87
381,Longyearbyen,SJ,2020-11-07 19:32:49,78.22,15.64,28.4,86,20,4.16
382,Wajid,SO,2020-11-07 19:35:02,3.81,43.25,76.1,79,76,9.66
383,Auburn,US,2020-11-07 19:30:09,47.31,-122.23,42.01,96,100,3.91
384,Dhandhuka,IN,2020-11-07 19:35:03,22.37,71.98,77.76,30,0,5.82
385,Tazovskiy,RU,2020-11-07 19:34:15,67.47,78.7,26.89,99,100,6.38
386,Bage,BR,2020-11-07 19:35:03,-31.33,-54.11,78.8,54,0,12.75
387,Malanje,AO,2020-11-07 19:35:03,-9.54,16.34,66.97,96,100,3.24
388,Port Shepstone,ZA,2020-11-07 19:28:51,-30.74,30.45,71.01,85,6,15.3
389,Morondava,MG,2020-11-07 19:35:04,-20.28,44.28,80.2,78,52,6.44
390,Namibe,AO,2020-11-07 19:30:59,-15.2,12.15,70.75,66,40,10.96
391,Marsh Harbour,BS,2020-11-07 19:28:20,26.54,-77.06,79.56,75,100,26.17
392,Keetmanshoop,NA,2020-11-07 19:35:04,-26.58,18.13,68.34,46,0,16.4
393,Rio Grande,BR,2020-11-07 19:28:07,-32.03,-52.1,73.4,69,75,20.8
394,Sept-Iles,CA,2020-11-07 19:35:02,50.2,-66.38,34.0,55,52,8.05
395,Tondon,GN,2020-11-07 19:35:05,10.37,-13.35,78.13,84,0,2.35
396,Mgandu,TZ,2020-11-07 19:35:05,-5.95,34.13,68.38,53,96,10.4
397,Colares,PT,2020-11-07 19:35:05,38.8,-9.45,63.0,93,75,12.75
398,Marquette,US,2020-11-07 19:29:28,46.53,-87.63,68.0,60,1,14.99
399,Toda Raisingh,IN,2020-11-07 19:35:05,26.03,75.48,65.93,28,0,3.6
400,Samarkand,UZ,2020-11-07 19:35:06,39.65,66.96,73.4,11,30,9.17
401,Barra,BR,2020-11-07 19:35:06,-11.09,-43.14,84.27,61,45,5.91
402,Muravlenko,RU,2020-11-07 19:35:06,63.79,74.52,33.57,99,100,7.61
403,Kembe,CF,2020-11-07 19:35:06,4.62,21.89,71.53,93,98,1.01
404,Aliwal North,ZA,2020-11-07 19:35:06,-30.69,26.71,68.9,32,0,13.56
405,Ippy,CF,2020-11-07 19:35:07,6.27,21.22,72.07,85,98,0.92
406,Villamontes,BO,2020-11-07 19:35:07,-21.25,-63.5,99.23,17,100,11.32
407,Khandbari,NP,2020-11-07 19:35:07,27.37,87.2,58.91,59,0,2.71
408,Tokonou,GN,2020-11-07 19:35:07,9.65,-9.78,76.82,48,0,2.89
409,Manturovo,RU,2020-11-07 19:35:08,58.34,44.76,34.54,90,99,7.47
410,Ciudad Bolivar,VE,2020-11-07 19:35:08,8.12,-63.55,89.38,58,69,4.09
411,Sao Geraldo Do Araguaia,BR,2020-11-07 19:35:08,-6.4,-48.55,88.57,56,71,3.85
412,Angoche,MZ,2020-11-07 19:35:08,-16.23,39.91,78.3,79,0,14.52
413,Konevo,RU,2020-11-07 19:35:08,62.12,39.32,45.39,80,100,14.52
414,Meulaboh,ID,2020-11-07 19:33:19,4.14,96.13,76.44,86,100,4.0
415,Barabinsk,RU,2020-11-07 19:35:09,55.36,78.36,39.92,69,100,13.35
416,Araguacu,BR,2020-11-07 19:35:09,-12.93,-49.83,85.96,51,100,2.17
417,Kinlochleven,GB,2020-11-07 19:35:09,56.71,-4.97,46.0,89,88,3.44
418,Liepaja,LV,2020-11-07 19:35:09,56.54,21.04,50.0,100,100,17.22
419,Vytegra,RU,2020-11-07 19:35:10,61.01,36.45,46.44,81,99,17.67
420,Atar,MR,2020-11-07 19:35:10,20.52,-13.05,98.6,35,99,10.27
421,Masuguru,TZ,2020-11-07 19:35:10,-11.37,38.42,80.8,61,64,10.87
422,Jaen,ES,2020-11-07 19:35:10,38.0,-3.5,55.99,92,0,5.01
423,Altea,ES,2020-11-07 19:35:10,38.6,-0.05,64.0,85,0,5.75
424,Touros,BR,2020-11-07 19:34:22,-5.2,-35.46,84.2,70,40,13.87
425,Ushtobe,KZ,2020-11-07 19:35:11,45.25,77.98,46.26,43,100,5.53
426,Jumla,NP,2020-11-07 19:33:13,29.27,82.18,40.91,55,0,3.4
427,Carnarvon,AU,2020-11-07 19:35:11,-24.87,113.63,69.8,77,90,14.99
428,Bell Ville,AR,2020-11-07 19:35:12,-32.63,-62.69,90.0,30,1,11.01
429,De Panne,BE,2020-11-07 19:35:12,51.08,2.59,54.0,100,58,5.82
430,Cobija,BO,2020-11-07 19:35:12,-11.03,-68.77,90.75,38,100,0.45
431,Taoudenni,ML,2020-11-07 19:35:12,22.68,-3.98,86.83,13,87,9.89
432,Pindobacu,BR,2020-11-07 19:35:12,-10.74,-40.36,81.93,58,70,7.09
433,Olinda,BR,2020-11-07 19:31:45,-8.01,-34.86,84.2,70,75,16.11
434,Qaqortoq,GL,2020-11-07 19:35:13,60.72,-46.03,30.2,74,75,3.36
435,Bagotville,AU,2020-11-07 19:35:13,-28.98,153.42,62.6,88,90,4.7
436,Agbor,NG,2020-11-07 19:35:13,6.25,6.19,74.97,93,100,4.25
437,Dudinka,RU,2020-11-07 19:28:16,69.41,86.18,17.6,85,75,15.66
438,Santa Maria,BR,2020-11-07 19:31:55,-29.68,-53.81,87.8,40,0,9.17
439,Marystown,CA,2020-11-07 19:32:06,47.17,-55.15,48.0,100,37,10.0
440,Ferrol,ES,2020-11-07 19:35:14,43.48,-8.24,59.0,87,20,5.82
441,Bam,IR,2020-11-07 19:35:14,29.11,58.36,62.69,28,0,8.63
442,Awash,ET,2020-11-07 19:35:14,8.98,40.17,76.1,46,43,1.72
443,Roald,NO,2020-11-07 19:35:14,62.58,6.13,45.0,93,75,4.7
444,Dingle,PH,2020-11-07 19:35:14,11.0,122.67,73.44,92,99,2.46
445,Vallenar,CL,2020-11-07 19:35:15,-28.57,-70.76,80.74,25,0,9.35
446,Ozark,US,2020-11-07 19:35:15,37.02,-93.21,73.0,48,1,3.0
447,Ladario,BR,2020-11-07 19:35:15,-19.0,-57.6,104.0,17,0,3.36
448,Kawambwa,ZM,2020-11-07 19:35:15,-9.79,29.08,71.96,56,0,3.47
449,Samalkha,IN,2020-11-07 19:35:16,29.23,77.02,64.2,26,0,2.37
450,Port Blair,IN,2020-11-07 19:28:18,11.67,92.75,81.21,79,0,7.38
451,Manono,CD,2020-11-07 19:35:16,-7.3,27.42,73.72,80,88,3.83
452,Vila Franca Do Campo,PT,2020-11-07 19:35:16,37.72,-25.43,60.8,63,20,10.29
453,Waw,SS,2020-11-07 19:35:16,7.7,28.0,79.56,44,99,1.7
454,Saurimo,AO,2020-11-07 19:30:58,-9.66,20.39,67.8,93,100,3.0
455,Neuquen,AR,2020-11-07 19:35:16,-38.95,-68.06,86.0,30,0,11.41
456,Villarrubia De Los Ojos,ES,2020-11-07 19:35:17,39.22,-3.61,55.0,79,1,3.0
457,Anloga,GH,2020-11-07 19:35:17,5.79,0.9,80.6,78,20,3.36
458,Chalus,IR,2020-11-07 19:34:01,36.66,51.42,64.4,88,75,4.7
459,Talara,PE,2020-11-07 19:35:17,-4.58,-81.27,77.0,61,0,13.87
460,Nouakchott,MR,2020-11-07 19:35:17,18.09,-15.98,82.4,54,0,16.11
461,Avanigadda,IN,2020-11-07 19:35:18,16.02,80.92,75.25,91,0,4.32
462,San Lawrenz,MT,2020-11-07 19:35:18,36.06,14.2,64.99,82,20,5.82
463,Nadym,RU,2020-11-07 19:35:18,65.53,72.52,32.18,99,100,3.85
464,Rafaela,AR,2020-11-07 19:34:01,-31.25,-61.49,87.01,23,0,5.99
465,Saquena,PE,2020-11-07 19:35:18,-4.67,-73.52,91.67,54,52,2.17
466,Krasnyy,RU,2020-11-07 19:35:19,54.57,31.43,45.45,85,93,10.56
467,Sfantu Gheorghe,RO,2020-11-07 19:33:17,45.87,25.78,41.0,82,0,1.83
468,Belyy Yar,RU,2020-11-07 19:34:45,53.6,91.39,30.2,92,59,2.59
469,Kondinskoye,RU,2020-11-07 19:32:21,59.65,67.41,34.03,97,99,6.89
470,Afua,BR,2020-11-07 19:35:19,-0.16,-50.39,84.78,73,94,7.43
471,Natal,BR,2020-11-07 19:30:59,-5.79,-35.21,84.2,70,40,20.8
472,Rurrenabaque,BO,2020-11-07 19:35:20,-14.44,-67.53,104.81,16,12,2.06
473,Muborak,UZ,2020-11-07 19:35:20,39.26,65.15,61.34,25,100,9.66
474,Coihaique,CL,2020-11-07 19:32:35,-45.58,-72.07,68.0,34,0,5.82
475,Chinhoyi,ZW,2020-11-07 19:35:20,-17.37,30.2,81.64,31,65,4.63
476,Taltal,CL,2020-11-07 19:27:55,-25.4,-70.48,64.72,62,29,4.83
477,Bathsheba,BB,2020-11-07 19:33:21,13.22,-59.52,87.8,66,40,16.11
478,Tucuman,AR,2020-11-07 19:31:04,-26.82,-65.22,91.4,24,0,12.75
479,Inirida,CO,2020-11-07 19:28:23,3.87,-67.92,87.44,70,100,0.98
480,Mitsamiouli,KM,2020-11-07 19:35:21,-11.38,43.28,80.13,73,99,9.08
481,Nisko,PL,2020-11-07 19:35:21,50.52,22.14,46.0,96,0,6.44
482,Verkhovazhye,RU,2020-11-07 19:29:09,60.75,42.05,38.3,84,100,11.27
483,Stantsionno-Oyashinskiy,RU,2020-11-07 19:35:22,55.47,83.82,37.96,77,99,15.05
484,Karakol,KG,2020-11-07 19:35:22,42.49,78.39,36.59,60,6,3.58
485,Quatre Cocos,MU,2020-11-07 19:35:22,-20.21,57.76,73.4,78,20,8.05
486,Antofagasta,CL,2020-11-07 19:28:28,-23.65,-70.4,66.2,63,20,11.41
487,Shirvan,AZ,2020-11-07 19:35:23,39.95,48.9,56.1,69,100,5.77
488,Ginir,ET,2020-11-07 19:35:23,7.13,40.7,58.06,97,100,1.92
489,Sumbe,AO,2020-11-07 19:35:23,-11.21,13.84,77.09,78,94,8.05
490,Marakkanam,IN,2020-11-07 19:35:24,12.2,79.95,79.92,82,34,11.3
491,Koulikoro,ML,2020-11-07 19:35:24,14.0,-7.75,81.99,15,0,9.69
492,Velasco Ibarra,EC,2020-11-07 19:35:24,-1.05,-79.62,84.94,50,97,4.0
493,Extremoz,BR,2020-11-07 19:35:24,-5.71,-35.31,84.2,70,40,13.87
494,Ust-Tsilma,RU,2020-11-07 19:35:24,65.44,52.15,33.4,94,100,7.54
495,Syasstroy,RU,2020-11-07 19:35:25,60.14,32.57,46.9,88,55,17.67
496,Tiznit,MA,2020-11-07 19:35:25,29.58,-9.5,63.64,69,0,1.9
497,Humaita,BR,2020-11-07 19:35:25,-7.51,-63.02,95.5,41,50,3.11
498,Armizonskoye,RU,2020-11-07 19:34:03,55.95,67.67,37.83,96,100,7.65
499,Svirstroy,RU,2020-11-07 19:35:25,60.8,33.72,46.96,82,85,12.17
500,Mogadishu,SO,2020-11-07 19:35:26,2.04,45.34,79.92,79,98,7.67
501,Viransehir,TR,2020-11-07 19:35:26,37.24,39.76,59.94,41,0,10.11
502,Conceicao Do Araguaia,BR,2020-11-07 19:35:26,-8.26,-49.26,84.83,70,94,1.36
503,Valdivia,CL,2020-11-07 19:35:26,-39.81,-73.25,71.6,40,0,8.05
504,Padang,ID,2020-11-07 19:35:26,-0.95,100.35,77.63,80,100,4.29
505,Carlisle,US,2020-11-07 19:35:27,40.2,-77.19,75.0,41,0,3.0
506,Svetlogorsk,BY,2020-11-07 19:27:26,52.63,29.73,46.02,93,58,7.99
507,Antalaha,MG,2020-11-07 19:35:27,-14.9,50.28,74.3,86,100,7.36
508,Khor,RU,2020-11-07 19:35:27,47.89,134.95,26.01,98,59,3.38
509,Pangody,RU,2020-11-07 19:27:58,65.85,74.49,32.25,98,100,5.08
510,Chardara,KZ,2020-11-07 19:35:28,41.25,67.97,64.96,27,95,17.2
511,Bazpur,IN,2020-11-07 19:35:28,29.15,79.12,61.32,42,0,3.42
512,Finnsnes,NO,2020-11-07 19:35:28,69.23,17.98,33.8,86,100,21.92
513,Novomichurinsk,RU,2020-11-07 19:35:28,54.04,39.75,39.99,75,0,3.0
514,Qasigiannguit,GL,2020-11-07 19:35:29,68.82,-51.19,8.6,71,20,5.82
515,Kasane,BW,2020-11-07 19:35:29,-17.82,25.15,87.8,33,40,1.12
516,Becerril,CO,2020-11-07 19:35:29,9.7,-73.28,84.31,72,97,1.92
517,Kamenka,RU,2020-11-07 19:35:29,51.32,42.77,41.0,89,14,10.58
518,Cabimas,VE,2020-11-07 19:35:29,10.39,-71.44,83.68,72,100,1.95
519,Cassilandia,BR,2020-11-07 19:35:29,-19.11,-51.73,96.31,19,3,0.54
520,Eirunepe,BR,2020-11-07 19:35:30,-6.66,-69.87,95.38,40,94,3.15
521,Yalta,UA,2020-11-07 19:35:30,44.5,34.17,51.64,63,0,0.87
522,Mormugao,IN,2020-11-07 19:28:13,15.4,73.8,79.18,80,0,5.39
523,Taywarah,AF,2020-11-07 19:27:56,33.35,64.42,28.83,84,0,1.3
524,Larkollen,NO,2020-11-07 19:35:30,59.33,10.67,45.0,87,40,4.7
525,Oktyabrskiy,RU,2020-11-07 19:35:31,54.48,53.47,35.42,84,97,8.46
526,Ambanja,MG,2020-11-07 19:35:31,-13.68,48.45,76.71,80,84,2.26
527,Soyo,AO,2020-11-07 19:35:31,-6.13,12.37,78.04,86,54,8.39
528,Praia Da Vitoria,PT,2020-11-07 19:32:32,38.73,-27.07,60.8,67,40,18.95
529,Walvis Bay,NA,2020-11-07 19:34:27,-22.96,14.51,62.6,77,0,8.05
530,Kangaatsiaq,GL,2020-11-07 19:35:32,68.31,-53.46,16.02,83,54,7.56
531,Bumbuna,SL,2020-11-07 19:35:32,9.05,-11.73,73.87,91,26,0.78
532,Woodstock,CA,2020-11-07 19:33:38,43.13,-80.75,66.2,55,61,8.05
533,Buzuluk,RU,2020-11-07 19:35:32,52.78,52.26,34.81,89,98,10.22
534,Maraa,BR,2020-11-07 19:35:32,-1.83,-65.37,82.9,78,99,5.46
535,Edd,ER,2020-11-07 19:28:51,13.93,41.69,82.76,55,1,14.7
536,Kushmurun,KZ,2020-11-07 19:35:33,52.45,64.63,43.34,71,100,15.39
537,Halkirk,CA,2020-11-07 19:35:33,52.28,-112.15,30.2,100,100,9.17
538,Atasu,KZ,2020-11-07 19:35:33,48.68,71.64,47.07,46,100,13.06
539,Mazagao,BR,2020-11-07 19:35:33,-0.12,-51.29,91.4,63,40,9.17
540,Lehututu,BW,2020-11-07 19:35:33,-23.97,21.87,85.98,17,0,5.44
541,Alfiousa,GR,2020-11-07 19:35:34,37.65,21.53,62.6,66,0,6.38
542,Rieti,IT,2020-11-07 19:35:34,42.41,12.86,54.0,46,0,2.24
543,Callosa De Segura,ES,2020-11-07 19:35:34,38.12,-0.88,68.0,52,0,3.0
544,Kanakapura,IN,2020-11-07 19:35:34,12.55,77.42,71.6,100,40,2.24
545,Nioro,GM,2020-11-07 19:35:34,13.35,-15.75,87.53,34,0,4.85
546,San Francisco,US,2020-11-07 19:24:18,37.77,-122.42,59.0,54,20,4.7
547,Lincoln,US,2020-11-07 19:35:35,40.8,-96.67,75.99,44,1,25.28
548,Saint-Francois,FR,2020-11-07 19:27:28,46.42,3.91,60.8,59,0,5.82
549,Kunya,NG,2020-11-07 19:35:35,12.22,8.53,62.6,88,51,3.36
550,Yar-Sale,RU,2020-11-07 19:33:40,66.83,70.83,28.15,99,98,2.37
551,Oistins,BB,2020-11-07 19:35:35,13.07,-59.53,87.8,66,40,16.11
552,Mizoch,UA,2020-11-07 19:28:50,50.4,26.15,48.0,98,0,13.0
553,Ivot,RU,2020-11-07 19:35:36,53.68,34.19,43.29,94,0,7.2
554,Eydhafushi,MV,2020-11-07 19:35:36,5.1,73.07,81.9,79,68,12.84
555,Dodola,ET,2020-11-07 19:35:36,6.98,39.18,52.81,87,94,3.2
556,Ust-Ishim,RU,2020-11-07 19:28:16,57.69,71.17,37.09,80,100,6.38
557,Gazli,UZ,2020-11-07 19:33:09,40.13,63.45,55.87,31,84,8.97
558,Camacupa,AO,2020-11-07 19:35:37,-12.02,17.48,67.23,72,100,2.3
559,Asfi,MA,2020-11-07 19:35:37,32.3,-9.24,66.42,77,42,4.68
560,Breznita-Motru,RO,2020-11-07 19:35:37,44.57,23.22,39.2,100,90,3.36
561,Emirdag,TR,2020-11-07 19:31:04,39.02,31.15,44.46,59,0,4.14
562,Villeneuve-Sur-Lot,FR,2020-11-07 19:35:37,44.5,0.67,59.0,100,100,2.24
563,Severnoye,RU,2020-11-07 19:35:37,56.35,78.36,38.53,74,100,12.55
564,Teguldet,RU,2020-11-07 19:35:38,57.31,88.17,37.65,85,100,10.13
565,Porto Novo,BJ,2020-11-07 19:35:38,6.5,2.6,80.6,83,40,8.05
566,Montepuez,MZ,2020-11-07 19:35:38,-13.13,39.0,75.06,64,26,9.33
567,Lasa,IT,2020-11-07 19:35:38,46.62,10.7,46.0,80,5,1.95
568,Svetlyy,RU,2020-11-07 19:35:38,54.67,20.13,48.2,93,90,8.95
569,Pradopolis,BR,2020-11-07 19:35:39,-21.36,-48.07,96.8,15,0,10.29
570,Pueblo Bello,CO,2020-11-07 19:35:39,8.2,-76.53,85.35,62,40,5.53
571,Impfondo,CG,2020-11-07 19:27:58,1.64,18.07,72.72,94,0,0.72
572,Sakakah,SA,2020-11-07 19:35:39,29.97,40.21,66.2,42,0,6.93
573,Le Vauclin,MQ,2020-11-07 19:35:39,14.55,-60.84,84.2,74,75,12.75
574,Monrovia,LR,2020-11-07 19:35:40,6.3,-10.8,80.6,88,20,7.85
575,Nicoya,CR,2020-11-07 19:35:40,10.15,-85.45,80.6,83,75,5.82
